-- phpMyAdmin SQL Dump
-- version 5.1.1deb5ubuntu1
-- https://www.phpmyadmin.net/
--
-- Host: localhost:3306
-- Generation Time: Feb 10, 2025 at 12:50 PM
-- Server version: 8.0.41-0ubuntu0.22.04.1
-- PHP Version: 8.1.2-1ubuntu2.20

SET SQL_MODE = "NO_AUTO_VALUE_ON_ZERO";
START TRANSACTION;
SET time_zone = "+00:00";


/*!40101 SET @OLD_CHARACTER_SET_CLIENT=@@CHARACTER_SET_CLIENT */;
/*!40101 SET @OLD_CHARACTER_SET_RESULTS=@@CHARACTER_SET_RESULTS */;
/*!40101 SET @OLD_COLLATION_CONNECTION=@@COLLATION_CONNECTION */;
/*!40101 SET NAMES utf8mb4 */;

--
-- Database: `datos_uni2025`
--

-- --------------------------------------------------------

--
-- Table structure for table `course`
--

CREATE TABLE `course` (
  `course_id` varchar(8) CHARACTER SET utf8mb4 COLLATE utf8mb4_unicode_ci NOT NULL,
  `title` varchar(50) CHARACTER SET utf8mb4 COLLATE utf8mb4_unicode_ci DEFAULT NULL,
  `dept_name` varchar(20) CHARACTER SET utf8mb4 COLLATE utf8mb4_unicode_ci DEFAULT NULL,
  `credits` decimal(2,0) DEFAULT NULL
) ENGINE=InnoDB DEFAULT CHARSET=utf8mb4 COLLATE=utf8mb4_0900_ai_ci;

--
-- Dumping data for table `course`
--

INSERT INTO `course` (`course_id`, `title`, `dept_name`, `credits`) VALUES
('BIO-101', 'Intro. to Biology', 'Biology', '4'),
('BIO-301', 'Genetics', 'Biology', '4'),
('BIO-399', 'Computational Biology', 'Biology', '3'),
('CS-101', 'Intro. to Computer Science', 'Comp. Sci.', '4'),
('CS-190', 'Game Design', 'Comp. Sci.', '4'),
('CS-315', 'Robotics', 'Comp. Sci.', '3'),
('CS-319', 'Image Processing', 'Comp. Sci.', '3'),
('CS-347', 'Database System Concepts', 'Comp. Sci.', '3'),
('EE-181', 'Intro. to Digital Systems', 'Elec. Eng.', '3'),
('FIN-201', 'Investment Banking', 'Finance', '3'),
('HIS-351', 'World History', 'History', '3'),
('MU-199', 'Music Video Production', 'Music', '3'),
('PHY-101', 'Physical Principles', 'Physics', '4');

-- --------------------------------------------------------

--
-- Table structure for table `department`
--

CREATE TABLE `department` (
  `dept_name` varchar(20) CHARACTER SET utf8mb4 COLLATE utf8mb4_unicode_ci NOT NULL,
  `building` varchar(15) CHARACTER SET utf8mb4 COLLATE utf8mb4_unicode_ci DEFAULT NULL,
  `budget` decimal(12,2) DEFAULT NULL
) ENGINE=InnoDB DEFAULT CHARSET=utf8mb4 COLLATE=utf8mb4_0900_ai_ci;

--
-- Dumping data for table `department`
--

INSERT INTO `department` (`dept_name`, `building`, `budget`) VALUES
('Biology', 'Watson', '90000.00'),
('Comp. Sci.', 'Taylor', '100000.00'),
('Elec. Eng.', 'Taylor', '85000.00'),
('Finance', 'Painter', '120000.00'),
('History', 'Painter', '50000.00'),
('Music', 'Packard', '80000.00'),
('Physics', 'Watson', '70000.00');

-- --------------------------------------------------------

--
-- Stand-in structure for view `end`
-- (See below for the actual view)
--
CREATE TABLE `end` (
`ID` varchar(5)
,`name` varchar(20)
,`dept_name` varchar(20)
,`salary` decimal(8,2)
);

-- --------------------------------------------------------

--
-- Table structure for table `instructor`
--

CREATE TABLE `instructor` (
  `ID` varchar(5) CHARACTER SET utf8mb4 COLLATE utf8mb4_unicode_ci NOT NULL,
  `name` varchar(20) CHARACTER SET utf8mb4 COLLATE utf8mb4_unicode_ci NOT NULL,
  `dept_name` varchar(20) CHARACTER SET utf8mb4 COLLATE utf8mb4_unicode_ci DEFAULT NULL,
  `salary` decimal(8,2) DEFAULT NULL
) ENGINE=InnoDB DEFAULT CHARSET=utf8mb4 COLLATE=utf8mb4_0900_ai_ci;

--
-- Dumping data for table `instructor`
--

INSERT INTO `instructor` (`ID`, `name`, `dept_name`, `salary`) VALUES
('10101', 'Srinivasan', 'Comp. Sci.', '65000.00'),
('12121', 'Wu', 'Finance', '90000.00'),
('15151', 'Mozart', 'Music', '40000.00'),
('22222', 'Einstein', 'Physics', '95000.00'),
('32343', 'El Said', 'History', '60000.00'),
('33456', 'Gold', 'Physics', '87000.00'),
('45565', 'Katz', 'Comp. Sci.', '75000.00'),
('58583', 'Califieri', 'History', '62000.00'),
('76543', 'Singh', 'Finance', '80000.00'),
('76766', 'Crick', 'Biology', '72000.00'),
('83821', 'Brandt', 'Comp. Sci.', '92000.00'),
('98345', 'Kim', 'Elec. Eng.', '80000.00'),
('98763', 'Hitman', 'Comp. Sci', '20023.00');

--
-- Triggers `instructor`
--
DELIMITER $$
CREATE TRIGGER `salary_control` BEFORE INSERT ON `instructor` FOR EACH ROW BEGIN
    DECLARE msg VARCHAR(255);
    
    
    IF (NEW.ID IS NULL OR NEW.name IS NULL OR NEW.dept_name IS NULL OR NEW.salary IS NULL OR 
        NEW.ID = '' OR NEW.name = '' OR NEW.dept_name = '' OR NEW.salary = '') THEN
        SET msg = 'No se puede ingresar un instructor con campos vacios';
        SIGNAL SQLSTATE '45000' SET message_text = msg;
    END IF;
END
$$
DELIMITER ;

-- --------------------------------------------------------

--
-- Stand-in structure for view `instructor_view`
-- (See below for the actual view)
--
CREATE TABLE `instructor_view` (
`ID` varchar(5)
,`name` varchar(20)
,`dept_name` varchar(20)
,`salary` decimal(8,2)
);

-- --------------------------------------------------------

--
-- Table structure for table `profesor`
--

CREATE TABLE `profesor` (
  `ID` varchar(5) CHARACTER SET utf8mb4 COLLATE utf8mb4_unicode_ci NOT NULL,
  `name` varchar(20) CHARACTER SET utf8mb4 COLLATE utf8mb4_unicode_ci NOT NULL,
  `dept_name` varchar(20) CHARACTER SET utf8mb4 COLLATE utf8mb4_unicode_ci DEFAULT NULL,
  `salary` decimal(8,2) DEFAULT NULL
) ENGINE=InnoDB DEFAULT CHARSET=utf8mb4 COLLATE=utf8mb4_0900_ai_ci;

--
-- Dumping data for table `profesor`
--

INSERT INTO `profesor` (`ID`, `name`, `dept_name`, `salary`) VALUES
('10101', 'Srinivasan', 'Comp. Sci.', '65000.00'),
('12121', 'Wu', 'Finance', '90000.00'),
('15151', 'Mozart', 'Music', '40000.00'),
('22222', 'Einstein', 'Physics', '95000.00'),
('32343', 'El Said', 'History', '60000.00'),
('33456', 'Gold', 'Physics', '87000.00'),
('45565', 'Katz', 'Comp. Sci.', '75000.00'),
('58583', 'Califieri', 'History', '62000.00'),
('76543', 'Singh', 'Finance', '80000.00'),
('76766', 'Crick', 'Biology', '72000.00'),
('83821', 'Brandt', 'Comp. Sci.', '92000.00'),
('98345', 'Kim', 'Elec. Eng.', '80000.00');

-- --------------------------------------------------------

--
-- Table structure for table `student`
--

CREATE TABLE `student` (
  `ID` varchar(5) CHARACTER SET utf8mb4 COLLATE utf8mb4_unicode_ci NOT NULL,
  `name` varchar(20) CHARACTER SET utf8mb4 COLLATE utf8mb4_unicode_ci NOT NULL,
  `dept_name` varchar(20) CHARACTER SET utf8mb4 COLLATE utf8mb4_unicode_ci DEFAULT NULL,
  `tot_cred` decimal(3,0) DEFAULT NULL
) ENGINE=InnoDB DEFAULT CHARSET=utf8mb4 COLLATE=utf8mb4_0900_ai_ci;

--
-- Dumping data for table `student`
--

INSERT INTO `student` (`ID`, `name`, `dept_name`, `tot_cred`) VALUES
('00128', 'Zhang', 'Comp. Sci.', '102'),
('12345', 'Shankar', 'Comp. Sci.', '32'),
('19991', 'Brandt', 'History', '80'),
('23121', 'Chavez', 'Finance', '110'),
('44553', 'Peltier', 'Physics', '56'),
('45678', 'Levy', 'Physics', '46'),
('54321', 'Williams', 'Comp. Sci.', '54'),
('55739', 'Sanchez', 'Music', '38'),
('70557', 'Snow', 'Physics', '56'),
('76543', 'Brown', 'Comp. Sci.', '58'),
('76653', 'Aoi', 'Elec. Eng.', '60'),
('98765', 'Bourikas', 'Elec. Eng.', '98'),
('98988', 'Tanaka', 'Biology', '120');

-- --------------------------------------------------------

--
-- Table structure for table `takes`
--

CREATE TABLE `takes` (
  `ID` varchar(5) CHARACTER SET utf8mb4 COLLATE utf8mb4_unicode_ci NOT NULL,
  `course_id` varchar(8) CHARACTER SET utf8mb4 COLLATE utf8mb4_unicode_ci NOT NULL,
  `sec_id` varchar(8) CHARACTER SET utf8mb4 COLLATE utf8mb4_unicode_ci NOT NULL,
  `semester` varchar(6) CHARACTER SET utf8mb4 COLLATE utf8mb4_unicode_ci NOT NULL,
  `year` decimal(4,0) NOT NULL,
  `grade` varchar(2) CHARACTER SET utf8mb4 COLLATE utf8mb4_unicode_ci DEFAULT NULL
) ENGINE=InnoDB DEFAULT CHARSET=utf8mb4 COLLATE=utf8mb4_0900_ai_ci;

--
-- Dumping data for table `takes`
--

INSERT INTO `takes` (`ID`, `course_id`, `sec_id`, `semester`, `year`, `grade`) VALUES
('00128', 'CS-101', '1', 'Fall', '2017', 'A'),
('00128', 'CS-347', '1', 'Fall', '2017', 'A-'),
('12345', 'CS-101', '1', 'Fall', '2017', 'C'),
('12345', 'CS-190', '2', 'Spring', '2017', 'A'),
('12345', 'CS-315', '1', 'Spring', '2018', 'A'),
('12345', 'CS-347', '1', 'Fall', '2017', 'A'),
('19991', 'HIS-351', '1', 'Spring', '2018', 'B'),
('23121', 'FIN-201', '1', 'Spring', '2018', 'C+'),
('44553', 'PHY-101', '1', 'Fall', '2017', 'B-'),
('45678', 'CS-101', '1', 'Fall', '2017', 'F'),
('45678', 'CS-101', '1', 'Spring', '2018', 'B+'),
('45678', 'CS-319', '1', 'Spring', '2018', 'B'),
('54321', 'CS-101', '1', 'Fall', '2017', 'A-'),
('54321', 'CS-190', '2', 'Spring', '2017', 'B+'),
('55739', 'MU-199', '1', 'Spring', '2018', 'A-'),
('76543', 'CS-101', '1', 'Fall', '2017', 'A'),
('76543', 'CS-319', '2', 'Spring', '2018', 'A'),
('76653', 'EE-181', '1', 'Spring', '2017', 'C'),
('98765', 'CS-101', '1', 'Fall', '2017', 'C-'),
('98765', 'CS-315', '1', 'Spring', '2018', 'B'),
('98988', 'BIO-101', '1', 'Summer', '2017', 'A'),
('98988', 'BIO-301', '1', 'Summer', '2018', NULL);

--
-- Triggers `takes`
--
DELIMITER $$
CREATE TRIGGER `managment_credits` AFTER INSERT ON `takes` FOR EACH ROW BEGIN
SET @ID=NEW.ID;
SET @course=NEW.course_id;
SET @credits=(SELECT credits FROM course WHERE course_id=@course);
SET @credits_student=(SELECT student.tot_cred FROM student WHERE student.ID = @ID);
SET @suma = @credits_student + @credits;
UPDATE student SET tot_cred=@suma WHERE student.ID=NEW.ID;
END
$$
DELIMITER ;

-- --------------------------------------------------------

--
-- Stand-in structure for view `taylor_building`
-- (See below for the actual view)
--
CREATE TABLE `taylor_building` (
`dept_name` varchar(20)
,`building` varchar(15)
,`budget` decimal(12,2)
);

-- --------------------------------------------------------

--
-- Table structure for table `teaches`
--

CREATE TABLE `teaches` (
  `ID` varchar(5) CHARACTER SET utf8mb4 COLLATE utf8mb4_unicode_ci NOT NULL,
  `course_id` varchar(8) CHARACTER SET utf8mb4 COLLATE utf8mb4_unicode_ci NOT NULL,
  `sec_id` varchar(8) CHARACTER SET utf8mb4 COLLATE utf8mb4_unicode_ci NOT NULL,
  `semester` varchar(6) CHARACTER SET utf8mb4 COLLATE utf8mb4_unicode_ci NOT NULL,
  `year` decimal(4,0) NOT NULL
) ENGINE=InnoDB DEFAULT CHARSET=utf8mb4 COLLATE=utf8mb4_0900_ai_ci;

--
-- Dumping data for table `teaches`
--

INSERT INTO `teaches` (`ID`, `course_id`, `sec_id`, `semester`, `year`) VALUES
('76766', 'BIO-101', '1', 'Summer', '2017'),
('76766', 'BIO-301', '1', 'Summer', '2018'),
('10101', 'CS-101', '1', 'Fall', '2017'),
('45565', 'CS-101', '1', 'Spring', '2018'),
('83821', 'CS-190', '1', 'Spring', '2017'),
('83821', 'CS-190', '2', 'Spring', '2017'),
('10101', 'CS-315', '1', 'Spring', '2018'),
('45565', 'CS-319', '1', 'Spring', '2018'),
('83821', 'CS-319', '2', 'Spring', '2018'),
('10101', 'CS-347', '1', 'Fall', '2017'),
('98345', 'EE-181', '1', 'Spring', '2017'),
('12121', 'FIN-201', '1', 'Spring', '2018'),
('32343', 'HIS-351', '1', 'Spring', '2018'),
('15151', 'MU-199', '1', 'Spring', '2018'),
('22222', 'PHY-101', '1', 'Fall', '2017');

-- --------------------------------------------------------

--
-- Structure for view `end`
--
DROP TABLE IF EXISTS `end`;

CREATE ALGORITHM=UNDEFINED DEFINER=`root`@`localhost` SQL SECURITY DEFINER VIEW `end`  AS SELECT `instructor`.`ID` AS `ID`, `instructor`.`name` AS `name`, `instructor`.`dept_name` AS `dept_name`, `instructor`.`salary` AS `salary` FROM `instructor` WHERE (`instructor`.`salary` < 48000) ;

-- --------------------------------------------------------

--
-- Structure for view `instructor_view`
--
DROP TABLE IF EXISTS `instructor_view`;

CREATE ALGORITHM=UNDEFINED DEFINER=`root`@`localhost` SQL SECURITY DEFINER VIEW `instructor_view`  AS SELECT `instructor`.`ID` AS `ID`, `instructor`.`name` AS `name`, `instructor`.`dept_name` AS `dept_name`, `instructor`.`salary` AS `salary` FROM `instructor` WHERE (`instructor`.`salary` < 65000) ;

-- --------------------------------------------------------

--
-- Structure for view `taylor_building`
--
DROP TABLE IF EXISTS `taylor_building`;

CREATE ALGORITHM=UNDEFINED DEFINER=`root`@`localhost` SQL SECURITY DEFINER VIEW `taylor_building`  AS SELECT `d`.`dept_name` AS `dept_name`, `d`.`building` AS `building`, `d`.`budget` AS `budget` FROM `department` AS `d` WHERE (`d`.`building` = 'Taylor') ;

--
-- Indexes for dumped tables
--

--
-- Indexes for table `course`
--
ALTER TABLE `course`
  ADD PRIMARY KEY (`course_id`),
  ADD KEY `dept_name` (`dept_name`);

--
-- Indexes for table `department`
--
ALTER TABLE `department`
  ADD PRIMARY KEY (`dept_name`),
  ADD KEY `building` (`building`);

--
-- Indexes for table `instructor`
--
ALTER TABLE `instructor`
  ADD PRIMARY KEY (`ID`),
  ADD KEY `dept_name` (`dept_name`);

--
-- Indexes for table `student`
--
ALTER TABLE `student`
  ADD PRIMARY KEY (`ID`),
  ADD KEY `dept_name` (`dept_name`);

--
-- Indexes for table `takes`
--
ALTER TABLE `takes`
  ADD PRIMARY KEY (`ID`,`course_id`,`sec_id`,`semester`,`year`),
  ADD KEY `course_id` (`course_id`,`sec_id`,`semester`,`year`);

--
-- Indexes for table `teaches`
--
ALTER TABLE `teaches`
  ADD PRIMARY KEY (`ID`,`course_id`,`sec_id`,`semester`,`year`),
  ADD KEY `course_id` (`course_id`,`sec_id`,`semester`,`year`);
COMMIT;

/*!40101 SET CHARACTER_SET_CLIENT=@OLD_CHARACTER_SET_CLIENT */;
/*!40101 SET CHARACTER_SET_RESULTS=@OLD_CHARACTER_SET_RESULTS */;
/*!40101 SET COLLATION_CONNECTION=@OLD_COLLATION_CONNECTION */;
