-- MySQL dump 10.13  Distrib 8.0.36, for Win64 (x86_64)
--
-- Host: 127.0.0.1    Database: uni_2024_students
-- ------------------------------------------------------
-- Server version	8.2.0

/*!40101 SET @OLD_CHARACTER_SET_CLIENT=@@CHARACTER_SET_CLIENT */;
/*!40101 SET @OLD_CHARACTER_SET_RESULTS=@@CHARACTER_SET_RESULTS */;
/*!40101 SET @OLD_COLLATION_CONNECTION=@@COLLATION_CONNECTION */;
/*!50503 SET NAMES utf8 */;
/*!40103 SET @OLD_TIME_ZONE=@@TIME_ZONE */;
/*!40103 SET TIME_ZONE='+00:00' */;
/*!40014 SET @OLD_UNIQUE_CHECKS=@@UNIQUE_CHECKS, UNIQUE_CHECKS=0 */;
/*!40014 SET @OLD_FOREIGN_KEY_CHECKS=@@FOREIGN_KEY_CHECKS, FOREIGN_KEY_CHECKS=0 */;
/*!40101 SET @OLD_SQL_MODE=@@SQL_MODE, SQL_MODE='NO_AUTO_VALUE_ON_ZERO' */;
/*!40111 SET @OLD_SQL_NOTES=@@SQL_NOTES, SQL_NOTES=0 */;

--
-- Table structure for table `advisor`
--

DROP TABLE IF EXISTS `advisor`;
/*!40101 SET @saved_cs_client     = @@character_set_client */;
/*!50503 SET character_set_client = utf8mb4 */;
CREATE TABLE `advisor` (
  `s_ID` varchar(5) CHARACTER SET utf8mb4 COLLATE utf8mb4_unicode_ci NOT NULL,
  `i_ID` varchar(5) CHARACTER SET utf8mb4 COLLATE utf8mb4_unicode_ci DEFAULT NULL,
  KEY `i_ID` (`i_ID`),
  KEY `s_ID` (`s_ID`),
  CONSTRAINT `advisor_ibfk_2` FOREIGN KEY (`s_ID`) REFERENCES `student` (`ID`) ON DELETE RESTRICT ON UPDATE RESTRICT,
  CONSTRAINT `advisor_ibfk_3` FOREIGN KEY (`i_ID`) REFERENCES `instructor` (`ID`) ON DELETE RESTRICT ON UPDATE RESTRICT
) ENGINE=InnoDB DEFAULT CHARSET=utf8mb4 COLLATE=utf8mb4_unicode_ci;
/*!40101 SET character_set_client = @saved_cs_client */;

--
-- Dumping data for table `advisor`
--

LOCK TABLES `advisor` WRITE;
/*!40000 ALTER TABLE `advisor` DISABLE KEYS */;
INSERT INTO `advisor` VALUES ('00128','45565'),('12345','10101'),('23121','76543'),('44553','22222'),('45678','22222'),('76543','45565'),('76653','98345'),('98765','98345'),('98988','76766');
/*!40000 ALTER TABLE `advisor` ENABLE KEYS */;
UNLOCK TABLES;

--
-- Table structure for table `classroom`
--

DROP TABLE IF EXISTS `classroom`;
/*!40101 SET @saved_cs_client     = @@character_set_client */;
/*!50503 SET character_set_client = utf8mb4 */;
CREATE TABLE `classroom` (
  `building` varchar(15) CHARACTER SET utf8mb4 COLLATE utf8mb4_unicode_ci NOT NULL,
  `room_number` varchar(7) CHARACTER SET utf8mb4 COLLATE utf8mb4_unicode_ci NOT NULL,
  `capacity` decimal(4,0) DEFAULT NULL,
  PRIMARY KEY (`building`,`room_number`),
  CONSTRAINT `classroom_ibfk_1` FOREIGN KEY (`building`) REFERENCES `department` (`building`) ON DELETE RESTRICT ON UPDATE RESTRICT,
  CONSTRAINT `classroom_ibfk_2` FOREIGN KEY (`building`) REFERENCES `department` (`building`) ON DELETE CASCADE ON UPDATE CASCADE
) ENGINE=InnoDB DEFAULT CHARSET=utf8mb4 COLLATE=utf8mb4_unicode_ci;
/*!40101 SET character_set_client = @saved_cs_client */;

--
-- Dumping data for table `classroom`
--

LOCK TABLES `classroom` WRITE;
/*!40000 ALTER TABLE `classroom` DISABLE KEYS */;
INSERT INTO `classroom` VALUES ('Packard','101',500),('Painter','514',10),('Taylor','3128',70),('Watson','100',30),('Watson','120',50);
/*!40000 ALTER TABLE `classroom` ENABLE KEYS */;
UNLOCK TABLES;

--
-- Table structure for table `course`
--

DROP TABLE IF EXISTS `course`;
/*!40101 SET @saved_cs_client     = @@character_set_client */;
/*!50503 SET character_set_client = utf8mb4 */;
CREATE TABLE `course` (
  `course_id` varchar(8) CHARACTER SET utf8mb4 COLLATE utf8mb4_unicode_ci NOT NULL,
  `title` varchar(50) CHARACTER SET utf8mb4 COLLATE utf8mb4_unicode_ci DEFAULT NULL,
  `dept_name` varchar(20) CHARACTER SET utf8mb4 COLLATE utf8mb4_unicode_ci DEFAULT NULL,
  `credits` decimal(2,0) DEFAULT NULL,
  PRIMARY KEY (`course_id`),
  KEY `dept_name` (`dept_name`),
  CONSTRAINT `course_ibfk_1` FOREIGN KEY (`dept_name`) REFERENCES `department` (`dept_name`) ON DELETE RESTRICT ON UPDATE RESTRICT
) ENGINE=InnoDB DEFAULT CHARSET=utf8mb4 COLLATE=utf8mb4_0900_ai_ci;
/*!40101 SET character_set_client = @saved_cs_client */;

--
-- Dumping data for table `course`
--

LOCK TABLES `course` WRITE;
/*!40000 ALTER TABLE `course` DISABLE KEYS */;
INSERT INTO `course` VALUES ('BIO-101','Intro. to Biology','Biology',4),('BIO-301','Genetics','Biology',4),('BIO-399','Computational Biology','Biology',3),('CS-101','Intro. to Computer Science','Comp. Sci.',4),('CS-190','Game Design','Comp. Sci.',4),('CS-315','Robotics','Comp. Sci.',3),('CS-319','Image Processing','Comp. Sci.',3),('CS-347','Database System Concepts','Comp. Sci.',3),('EE-181','Intro. to Digital Systems','Elec. Eng.',3),('FIN-201','Investment Banking','Finance',3),('HIS-351','World History','History',3),('MU-199','Music Video Production','Music',3),('PHY-101','Physical Principles','Physics',4);
/*!40000 ALTER TABLE `course` ENABLE KEYS */;
UNLOCK TABLES;

--
-- Table structure for table `department`
--

DROP TABLE IF EXISTS `department`;
/*!40101 SET @saved_cs_client     = @@character_set_client */;
/*!50503 SET character_set_client = utf8mb4 */;
CREATE TABLE `department` (
  `dept_name` varchar(20) CHARACTER SET utf8mb4 COLLATE utf8mb4_unicode_ci NOT NULL,
  `building` varchar(15) CHARACTER SET utf8mb4 COLLATE utf8mb4_unicode_ci DEFAULT NULL,
  `budget` decimal(12,2) DEFAULT NULL,
  PRIMARY KEY (`dept_name`),
  KEY `building` (`building`)
) ENGINE=InnoDB DEFAULT CHARSET=utf8mb4 COLLATE=utf8mb4_0900_ai_ci;
/*!40101 SET character_set_client = @saved_cs_client */;

--
-- Dumping data for table `department`
--

LOCK TABLES `department` WRITE;
/*!40000 ALTER TABLE `department` DISABLE KEYS */;
INSERT INTO `department` VALUES ('Biology','Watson',90000.00),('Comp. Sci.','Taylor',100000.00),('Elec. Eng.','Taylor',85000.00),('Finance','Painter',120000.00),('History','Painter',50000.00),('Music','Packard',80000.00),('Physics','Watson',70000.00);
/*!40000 ALTER TABLE `department` ENABLE KEYS */;
UNLOCK TABLES;

--
-- Table structure for table `instructor`
--

DROP TABLE IF EXISTS `instructor`;
/*!40101 SET @saved_cs_client     = @@character_set_client */;
/*!50503 SET character_set_client = utf8mb4 */;
CREATE TABLE `instructor` (
  `ID` varchar(5) CHARACTER SET utf8mb4 COLLATE utf8mb4_unicode_ci NOT NULL,
  `name` varchar(20) CHARACTER SET utf8mb4 COLLATE utf8mb4_unicode_ci NOT NULL,
  `dept_name` varchar(20) CHARACTER SET utf8mb4 COLLATE utf8mb4_unicode_ci DEFAULT NULL,
  `salary` decimal(8,2) DEFAULT NULL,
  PRIMARY KEY (`ID`),
  KEY `dept_name` (`dept_name`),
  CONSTRAINT `instructor_ibfk_1` FOREIGN KEY (`dept_name`) REFERENCES `department` (`dept_name`) ON DELETE RESTRICT ON UPDATE RESTRICT
) ENGINE=InnoDB DEFAULT CHARSET=utf8mb4 COLLATE=utf8mb4_0900_ai_ci;
/*!40101 SET character_set_client = @saved_cs_client */;

--
-- Dumping data for table `instructor`
--

LOCK TABLES `instructor` WRITE;
/*!40000 ALTER TABLE `instructor` DISABLE KEYS */;
INSERT INTO `instructor` VALUES ('10101','Srinivasan','Comp. Sci.',65000.00),('12121','Wu','Finance',90000.00),('15151','Mozart','Music',40000.00),('22222','Einstein','Physics',95000.00),('32343','El Said','History',60000.00),('33456','Gold','Physics',87000.00),('45565','Katz','Comp. Sci.',75000.00),('58583','Califieri','History',62000.00),('76543','Singh','Finance',80000.00),('76766','Crick','Biology',72000.00),('83821','Brandt','Comp. Sci.',92000.00),('98345','Kim','Elec. Eng.',80000.00);
/*!40000 ALTER TABLE `instructor` ENABLE KEYS */;
UNLOCK TABLES;

--
-- Table structure for table `prereq`
--

DROP TABLE IF EXISTS `prereq`;
/*!40101 SET @saved_cs_client     = @@character_set_client */;
/*!50503 SET character_set_client = utf8mb4 */;
CREATE TABLE `prereq` (
  `course_id` varchar(8) CHARACTER SET utf8mb4 COLLATE utf8mb4_unicode_ci NOT NULL,
  `prereq_id` varchar(8) CHARACTER SET utf8mb4 COLLATE utf8mb4_unicode_ci NOT NULL,
  PRIMARY KEY (`course_id`,`prereq_id`),
  KEY `prereq_id` (`prereq_id`),
  CONSTRAINT `prereq_ibfk_1` FOREIGN KEY (`course_id`) REFERENCES `course` (`course_id`) ON DELETE RESTRICT ON UPDATE RESTRICT,
  CONSTRAINT `prereq_ibfk_2` FOREIGN KEY (`prereq_id`) REFERENCES `course` (`course_id`) ON DELETE RESTRICT ON UPDATE RESTRICT
) ENGINE=InnoDB DEFAULT CHARSET=utf8mb4 COLLATE=utf8mb4_unicode_ci;
/*!40101 SET character_set_client = @saved_cs_client */;

--
-- Dumping data for table `prereq`
--

LOCK TABLES `prereq` WRITE;
/*!40000 ALTER TABLE `prereq` DISABLE KEYS */;
INSERT INTO `prereq` VALUES ('BIO-301','BIO-101'),('BIO-399','BIO-101'),('CS-190','CS-101'),('CS-315','CS-101'),('CS-319','CS-101'),('CS-347','CS-101'),('EE-181','PHY-101');
/*!40000 ALTER TABLE `prereq` ENABLE KEYS */;
UNLOCK TABLES;

--
-- Temporary view structure for view `relations`
--

DROP TABLE IF EXISTS `relations`;
/*!50001 DROP VIEW IF EXISTS `relations`*/;
SET @saved_cs_client     = @@character_set_client;
/*!50503 SET character_set_client = utf8mb4 */;
/*!50001 CREATE VIEW `relations` AS SELECT 
 1 AS `ID`,
 1 AS `FOR_NAME`,
 1 AS `REF_NAME`,
 1 AS `N_COLS`,
 1 AS `TYPE`,
 1 AS `FOR_COL_NAME`,
 1 AS `REF_COL_NAME`,
 1 AS `POS`*/;
SET character_set_client = @saved_cs_client;

--
-- Table structure for table `section`
--

DROP TABLE IF EXISTS `section`;
/*!40101 SET @saved_cs_client     = @@character_set_client */;
/*!50503 SET character_set_client = utf8mb4 */;
CREATE TABLE `section` (
  `course_id` varchar(8) CHARACTER SET utf8mb4 COLLATE utf8mb4_unicode_ci NOT NULL,
  `sec_id` varchar(8) CHARACTER SET utf8mb4 COLLATE utf8mb4_unicode_ci NOT NULL,
  `semester` varchar(6) CHARACTER SET utf8mb4 COLLATE utf8mb4_unicode_ci NOT NULL,
  `year` decimal(4,0) NOT NULL,
  `building` varchar(15) CHARACTER SET utf8mb4 COLLATE utf8mb4_unicode_ci NOT NULL,
  `room_number` varchar(7) CHARACTER SET utf8mb4 COLLATE utf8mb4_unicode_ci NOT NULL,
  `time_slot_id` varchar(4) CHARACTER SET utf8mb4 COLLATE utf8mb4_unicode_ci NOT NULL,
  PRIMARY KEY (`course_id`,`sec_id`,`semester`,`year`,`building`,`room_number`,`time_slot_id`),
  KEY `building` (`building`,`room_number`),
  KEY `time_slot_id` (`time_slot_id`),
  CONSTRAINT `section_ibfk_1` FOREIGN KEY (`course_id`) REFERENCES `course` (`course_id`) ON DELETE RESTRICT ON UPDATE RESTRICT,
  CONSTRAINT `section_ibfk_2` FOREIGN KEY (`building`, `room_number`) REFERENCES `classroom` (`building`, `room_number`) ON DELETE RESTRICT ON UPDATE RESTRICT,
  CONSTRAINT `section_ibfk_3` FOREIGN KEY (`time_slot_id`) REFERENCES `time_slot` (`time_slot_id`) ON DELETE RESTRICT ON UPDATE RESTRICT
) ENGINE=InnoDB DEFAULT CHARSET=utf8mb4 COLLATE=utf8mb4_0900_ai_ci;
/*!40101 SET character_set_client = @saved_cs_client */;

--
-- Dumping data for table `section`
--

LOCK TABLES `section` WRITE;
/*!40000 ALTER TABLE `section` DISABLE KEYS */;
INSERT INTO `section` VALUES ('BIO-101','1','Summer',2017,'Packard','101','A'),('BIO-301','1','Summer',2018,'Painter','514','A'),('CS-190','1','Spring',2017,'Taylor','3128','A'),('CS-347','1','Fall',2017,'Taylor','3128','A'),('PHY-101','1','Fall',2017,'Watson','100','A'),('BIO-101','1','Summer',2017,'Painter','514','B'),('CS-319','1','Spring',2018,'Watson','100','B'),('FIN-201','1','Spring',2018,'Packard','101','B'),('CS-319','2','Spring',2018,'Taylor','3128','C'),('EE-181','1','Spring',2017,'Taylor','3128','C'),('HIS-351','1','Spring',2018,'Painter','514','C'),('CS-315','1','Spring',2018,'Watson','120','D'),('MU-199','1','Spring',2018,'Packard','101','D'),('CS-190','2','Spring',2017,'Taylor','3128','E'),('CS-101','1','Spring',2018,'Packard','101','F'),('CS-101','1','Fall',2017,'Packard','101','H');
/*!40000 ALTER TABLE `section` ENABLE KEYS */;
UNLOCK TABLES;

--
-- Table structure for table `student`
--

DROP TABLE IF EXISTS `student`;
/*!40101 SET @saved_cs_client     = @@character_set_client */;
/*!50503 SET character_set_client = utf8mb4 */;
CREATE TABLE `student` (
  `ID` varchar(5) CHARACTER SET utf8mb4 COLLATE utf8mb4_unicode_ci NOT NULL,
  `name` varchar(20) CHARACTER SET utf8mb4 COLLATE utf8mb4_unicode_ci NOT NULL,
  `dept_name` varchar(20) CHARACTER SET utf8mb4 COLLATE utf8mb4_unicode_ci DEFAULT NULL,
  `tot_cred` decimal(3,0) DEFAULT NULL,
  PRIMARY KEY (`ID`),
  KEY `dept_name` (`dept_name`),
  CONSTRAINT `student_ibfk_1` FOREIGN KEY (`dept_name`) REFERENCES `department` (`dept_name`) ON DELETE RESTRICT ON UPDATE RESTRICT
) ENGINE=InnoDB DEFAULT CHARSET=utf8mb4 COLLATE=utf8mb4_0900_ai_ci;
/*!40101 SET character_set_client = @saved_cs_client */;

--
-- Dumping data for table `student`
--

LOCK TABLES `student` WRITE;
/*!40000 ALTER TABLE `student` DISABLE KEYS */;
INSERT INTO `student` VALUES ('00128','Zhang','Comp. Sci.',102),('12345','Shankar','Comp. Sci.',32),('19991','Brandt','History',80),('23121','Chavez','Finance',110),('44553','Peltier','Physics',56),('45678','Levy','Physics',46),('54321','Williams','Comp. Sci.',54),('55739','Sanchez','Music',38),('70557','Snow','Physics',56),('76543','Brown','Comp. Sci.',58),('76653','Aoi','Elec. Eng.',60),('98765','Bourikas','Elec. Eng.',98),('98988','Tanaka','Biology',120);
/*!40000 ALTER TABLE `student` ENABLE KEYS */;
UNLOCK TABLES;

--
-- Table structure for table `takes`
--

DROP TABLE IF EXISTS `takes`;
/*!40101 SET @saved_cs_client     = @@character_set_client */;
/*!50503 SET character_set_client = utf8mb4 */;
CREATE TABLE `takes` (
  `ID` varchar(5) CHARACTER SET utf8mb4 COLLATE utf8mb4_unicode_ci NOT NULL,
  `course_id` varchar(8) CHARACTER SET utf8mb4 COLLATE utf8mb4_unicode_ci NOT NULL,
  `sec_id` varchar(8) CHARACTER SET utf8mb4 COLLATE utf8mb4_unicode_ci NOT NULL,
  `semester` varchar(6) CHARACTER SET utf8mb4 COLLATE utf8mb4_unicode_ci NOT NULL,
  `year` decimal(4,0) NOT NULL,
  `grade` varchar(2) CHARACTER SET utf8mb4 COLLATE utf8mb4_unicode_ci DEFAULT NULL,
  PRIMARY KEY (`ID`,`course_id`,`sec_id`,`semester`,`year`),
  KEY `course_id` (`course_id`,`sec_id`,`semester`,`year`),
  CONSTRAINT `takes_ibfk_1` FOREIGN KEY (`ID`) REFERENCES `student` (`ID`) ON DELETE RESTRICT ON UPDATE RESTRICT,
  CONSTRAINT `takes_ibfk_2` FOREIGN KEY (`course_id`, `sec_id`, `semester`, `year`) REFERENCES `section` (`course_id`, `sec_id`, `semester`, `year`) ON DELETE RESTRICT ON UPDATE RESTRICT
) ENGINE=InnoDB DEFAULT CHARSET=utf8mb4 COLLATE=utf8mb4_unicode_ci;
/*!40101 SET character_set_client = @saved_cs_client */;

--
-- Dumping data for table `takes`
--

LOCK TABLES `takes` WRITE;
/*!40000 ALTER TABLE `takes` DISABLE KEYS */;
INSERT INTO `takes` VALUES ('00128','CS-101','1','Fall',2017,'A'),('00128','CS-347','1','Fall',2017,'A-'),('12345','CS-101','1','Fall',2017,'C'),('12345','CS-190','2','Spring',2017,'A'),('12345','CS-315','1','Spring',2018,'A'),('12345','CS-347','1','Fall',2017,'A'),('19991','HIS-351','1','Spring',2018,'B'),('23121','FIN-201','1','Spring',2018,'C+'),('44553','PHY-101','1','Fall',2017,'B-'),('45678','CS-101','1','Fall',2017,'F'),('45678','CS-101','1','Spring',2018,'B+'),('45678','CS-319','1','Spring',2018,'B'),('54321','CS-101','1','Fall',2017,'A-'),('54321','CS-190','2','Spring',2017,'B+'),('55739','MU-199','1','Spring',2018,'A-'),('76543','CS-101','1','Fall',2017,'A'),('76543','CS-319','2','Spring',2018,'A'),('76653','EE-181','1','Spring',2017,'C'),('98765','CS-101','1','Fall',2017,'C-'),('98765','CS-315','1','Spring',2018,'B'),('98988','BIO-101','1','Summer',2017,'A'),('98988','BIO-301','1','Summer',2018,NULL);
/*!40000 ALTER TABLE `takes` ENABLE KEYS */;
UNLOCK TABLES;

--
-- Table structure for table `teaches`
--

DROP TABLE IF EXISTS `teaches`;
/*!40101 SET @saved_cs_client     = @@character_set_client */;
/*!50503 SET character_set_client = utf8mb4 */;
CREATE TABLE `teaches` (
  `ID` varchar(5) CHARACTER SET utf8mb4 COLLATE utf8mb4_unicode_ci NOT NULL,
  `course_id` varchar(8) CHARACTER SET utf8mb4 COLLATE utf8mb4_unicode_ci NOT NULL,
  `sec_id` varchar(8) CHARACTER SET utf8mb4 COLLATE utf8mb4_unicode_ci NOT NULL,
  `semester` varchar(6) CHARACTER SET utf8mb4 COLLATE utf8mb4_unicode_ci NOT NULL,
  `year` decimal(4,0) NOT NULL,
  PRIMARY KEY (`ID`,`course_id`,`sec_id`,`semester`,`year`),
  KEY `course_id` (`course_id`,`sec_id`,`semester`,`year`),
  CONSTRAINT `teaches_ibfk_1` FOREIGN KEY (`ID`) REFERENCES `instructor` (`ID`) ON DELETE RESTRICT ON UPDATE RESTRICT,
  CONSTRAINT `teaches_ibfk_3` FOREIGN KEY (`course_id`, `sec_id`, `semester`, `year`) REFERENCES `section` (`course_id`, `sec_id`, `semester`, `year`) ON DELETE RESTRICT ON UPDATE RESTRICT
) ENGINE=InnoDB DEFAULT CHARSET=utf8mb4 COLLATE=utf8mb4_unicode_ci;
/*!40101 SET character_set_client = @saved_cs_client */;

--
-- Dumping data for table `teaches`
--

LOCK TABLES `teaches` WRITE;
/*!40000 ALTER TABLE `teaches` DISABLE KEYS */;
INSERT INTO `teaches` VALUES ('76766','BIO-101','1','Summer',2017),('76766','BIO-301','1','Summer',2018),('10101','CS-101','1','Fall',2017),('45565','CS-101','1','Spring',2018),('83821','CS-190','1','Spring',2017),('83821','CS-190','2','Spring',2017),('10101','CS-315','1','Spring',2018),('45565','CS-319','1','Spring',2018),('83821','CS-319','2','Spring',2018),('10101','CS-347','1','Fall',2017),('98345','EE-181','1','Spring',2017),('12121','FIN-201','1','Spring',2018),('32343','HIS-351','1','Spring',2018),('15151','MU-199','1','Spring',2018),('22222','PHY-101','1','Fall',2017);
/*!40000 ALTER TABLE `teaches` ENABLE KEYS */;
UNLOCK TABLES;

--
-- Table structure for table `time_slot`
--

DROP TABLE IF EXISTS `time_slot`;
/*!40101 SET @saved_cs_client     = @@character_set_client */;
/*!50503 SET character_set_client = utf8mb4 */;
CREATE TABLE `time_slot` (
  `time_slot_id` varchar(4) CHARACTER SET utf8mb4 COLLATE utf8mb4_unicode_ci NOT NULL,
  `day` varchar(1) CHARACTER SET utf8mb4 COLLATE utf8mb4_unicode_ci NOT NULL,
  `start_hr` decimal(2,0) NOT NULL,
  `start_min` decimal(2,0) NOT NULL,
  `end_hr` decimal(2,0) DEFAULT NULL,
  `end_min` decimal(2,0) DEFAULT NULL,
  PRIMARY KEY (`time_slot_id`,`day`,`start_hr`,`start_min`)
) ENGINE=InnoDB DEFAULT CHARSET=utf8mb4 COLLATE=utf8mb4_0900_ai_ci;
/*!40101 SET character_set_client = @saved_cs_client */;

--
-- Dumping data for table `time_slot`
--

LOCK TABLES `time_slot` WRITE;
/*!40000 ALTER TABLE `time_slot` DISABLE KEYS */;
INSERT INTO `time_slot` VALUES ('A','F',8,0,8,50),('A','M',8,0,8,50),('A','W',8,0,8,50),('B','F',9,0,9,50),('B','M',9,0,9,50),('B','W',9,0,9,50),('C','F',11,0,11,50),('C','M',11,0,11,50),('C','W',11,0,11,50),('D','F',13,0,13,50),('D','M',13,0,13,50),('D','W',13,0,13,50),('E','R',10,30,11,45),('E','T',10,30,11,45),('F','R',14,30,15,45),('F','T',14,30,15,45),('G','F',16,0,16,50),('G','M',16,0,16,50),('G','W',16,0,16,50),('H','W',10,0,12,30);
/*!40000 ALTER TABLE `time_slot` ENABLE KEYS */;
UNLOCK TABLES;

--
-- Final view structure for view `relations`
--

/*!50001 DROP VIEW IF EXISTS `relations`*/;
/*!50001 SET @saved_cs_client          = @@character_set_client */;
/*!50001 SET @saved_cs_results         = @@character_set_results */;
/*!50001 SET @saved_col_connection     = @@collation_connection */;
/*!50001 SET character_set_client      = utf8mb4 */;
/*!50001 SET character_set_results     = utf8mb4 */;
/*!50001 SET collation_connection      = utf8mb4_0900_ai_ci */;
/*!50001 CREATE ALGORITHM=UNDEFINED */
/*!50013 DEFINER=`root`@`localhost` SQL SECURITY DEFINER */
/*!50001 VIEW `relations` AS select distinct `information_schema`.`ifb`.`ID` AS `ID`,`information_schema`.`ifb`.`FOR_NAME` AS `FOR_NAME`,`information_schema`.`ifb`.`REF_NAME` AS `REF_NAME`,`information_schema`.`ifb`.`N_COLS` AS `N_COLS`,`information_schema`.`ifb`.`TYPE` AS `TYPE`,`information_schema`.`ifc`.`FOR_COL_NAME` AS `FOR_COL_NAME`,`information_schema`.`ifc`.`REF_COL_NAME` AS `REF_COL_NAME`,`information_schema`.`ifc`.`POS` AS `POS` from (`information_schema`.`INNODB_FOREIGN` `ifb` join `information_schema`.`INNODB_FOREIGN_COLS` `ifc`) where ((`information_schema`.`ifb`.`ID` like '%uni_partial_json%') and (`information_schema`.`ifb`.`ID` = `information_schema`.`ifc`.`ID`)) */;
/*!50001 SET character_set_client      = @saved_cs_client */;
/*!50001 SET character_set_results     = @saved_cs_results */;
/*!50001 SET collation_connection      = @saved_col_connection */;
/*!40103 SET TIME_ZONE=@OLD_TIME_ZONE */;

/*!40101 SET SQL_MODE=@OLD_SQL_MODE */;
/*!40014 SET FOREIGN_KEY_CHECKS=@OLD_FOREIGN_KEY_CHECKS */;
/*!40014 SET UNIQUE_CHECKS=@OLD_UNIQUE_CHECKS */;
/*!40101 SET CHARACTER_SET_CLIENT=@OLD_CHARACTER_SET_CLIENT */;
/*!40101 SET CHARACTER_SET_RESULTS=@OLD_CHARACTER_SET_RESULTS */;
/*!40101 SET COLLATION_CONNECTION=@OLD_COLLATION_CONNECTION */;
/*!40111 SET SQL_NOTES=@OLD_SQL_NOTES */;

-- Dump completed on 2024-02-19 19:14:17
